{
  "hospitals": 0.0,
  "insurance": 0.1135979498459217,
  "geography": 0.20487130801810488,
  "specialty": 0.0,
  "text": 0.6815307421359733
}